"Population","ssID","Submitter","Allele: frequency (count)","Genotype: frequency (count)","Genotype detail"
"  CSHL-HAPMAP:HapMap-HCB","ss66399070","CSHL-HAPMAP","G: 0.367 (33)A: 0.633 (57)","G|G: 0.111 (5)A|A: 0.378 (17)A|G: 0.511 (23)","      ShowHide          "
"  CSHL-HAPMAP:HapMap-HCB","ss77248738","-","G: 0.357 (30)A: 0.643 (54)","G|G: 0.095 (4)A|A: 0.381 (16)A|G: 0.524 (22)","      ShowHide          "
"  CSHL-HAPMAP:HAPMAP-ASW","ss77248738","CSHL-HAPMAP","G: 0.092 (9)A: 0.908 (89)","A|A: 0.816 (40)A|G: 0.184 (9)","      ShowHide          "
"  CSHL-HAPMAP:HAPMAP-CHB","ss77248738","CSHL-HAPMAP","G: 0.293 (24)A: 0.707 (58)","G|G: 0.146 (6)A|A: 0.561 (23)A|G: 0.293 (12)","      ShowHide          "
"  CSHL-HAPMAP:HAPMAP-CHD","ss77248738","CSHL-HAPMAP","G: 0.220 (37)A: 0.780 (131)","G|G: 0.060 (5)A|A: 0.619 (52)A|G: 0.321 (27)","      ShowHide          "
"  CSHL-HAPMAP:HAPMAP-MEX","ss77248738","CSHL-HAPMAP","G: 0.194 (19)A: 0.806 (79)","G|G: 0.041 (2)A|A: 0.653 (32)A|G: 0.306 (15)","      ShowHide          "
"  CSHL-HAPMAP:HAPMAP-MKK","ss77248738","CSHL-HAPMAP","G: 0.035 (10)A: 0.965 (274)","A|A: 0.930 (132)A|G: 0.070 (10)","      ShowHide          "
"  CSHL-HAPMAP:HAPMAP-TSI","ss77248738","CSHL-HAPMAP","G: 0.443 (78)A: 0.557 (98)","G|G: 0.193 (17)A|A: 0.307 (27)A|G: 0.500 (44)","      ShowHide          "
"  CSHL-HAPMAP:HapMap-CEU","ss66399070","CSHL-HAPMAP","G: 0.356 (42)A: 0.644 (76)","G|G: 0.102 (6)A|A: 0.390 (23)A|G: 0.508 (30)","      ShowHide          "
"  CSHL-HAPMAP:HapMap-CEU","ss77248738","-","G: 0.358 (81)A: 0.642 (145)","G|G: 0.124 (14)A|A: 0.407 (46)A|G: 0.469 (53)","      ShowHide          "
"  CSHL-HAPMAP:HapMap-JPT","ss66399070","CSHL-HAPMAP","G: 0.178 (16)A: 0.822 (74)","A|A: 0.644 (29)A|G: 0.356 (16)","      ShowHide          "
"  CSHL-HAPMAP:HapMap-JPT","ss77248738","-","G: 0.157 (27)A: 0.843 (145)","G|G: 0.023 (2)A|A: 0.709 (61)A|G: 0.267 (23)","      ShowHide          "
"  CSHL-HAPMAP:HapMap-YRI","ss66399070","CSHL-HAPMAP","A: 1.000 (120)","A|A: 1.000 (60)","      ShowHide          "
"  CSHL-HAPMAP:HapMap-YRI","ss77248738","-","A: 1.000 (120)","A|A: 1.000 (60)","      ShowHide          "
